{"cameraMode":{"drawMode":0,"name":"Shaded","section":"Shading Mode"},"sceneLighting":true,"audioPlay":false,"sceneViewState":{"m_AlwaysRefresh":false,"showFog":true,"showSkybox":true,"showFlares":true,"showImageEffects":true,"showParticleSystems":true,"showVisualEffectGraphs":true,"m_FxEnabled":true},"in2DMode":false,"pivot":{"x":21.41172218322754,"y":22.151870727539064,"z":-28.517749786376954},"rotation":{"x":-0.009362917393445969,"y":0.9906639456748962,"z":0.09358861297369003,"w":0.09901472181081772},"size":35.81644821166992,"orthographic":false}